year,month,corrosion_mmpy
2020,January,0.0126
2020,February,0.012
2020,March,0.012
2020,April,0.012
2020,May,0.01205
2020,June,0.0121
2020,July,0.0122
2020,August,0.01228
2020,September,0.01232
2020,October,0.0126
2020,November,0.01285
2020,December,0.013
